{"cameraMode":{"drawMode":0,"name":"Shaded","section":"Shading Mode"},"sceneLighting":true,"audioPlay":false,"sceneViewState":{"showFog":true,"showMaterialUpdate":false,"showSkybox":true,"showFlares":true,"showImageEffects":true,"showParticleSystems":true},"in2DMode":false,"pivot":{"x":1.7629213333129883,"y":-0.7580657601356506,"z":0.0},"rotation":{"x":0.18491259217262269,"y":0.01326675433665514,"z":-0.0024964739568531515,"w":0.9826626181602478},"size":9.12024974822998,"orthographic":true}